timestamp,temperature_c,humidity_percent,fog_detected,image_filename,dehazed_filename,processing_time_ms
2026-05-07 15:01:49,22.5,94.2,True,img_20260507_150149.jpg,dehazed_20260507_150149.jpg,109
2026-05-07 15:21:24,22.5,94.2,True,img_20260507_152124.jpg,dehazed_20260507_152124.jpg,103
2026-05-08 00:17:37,22.5,94.2,True,img_20260508_001737.jpg,dehazed_20260508_001737.jpg,106,6.918,7.221,0.303,0.88
2026-05-08 00:19:14,22.5,94.2,True,img_20260508_001914.jpg,dehazed_20260508_001914.jpg,21,6.918,7.221,0.303,0.88
2026-05-08 09:55:08,22.5,94.2,True,img_20260508_095508.jpg,dehazed_20260508_095508.jpg,134,6.918,7.221,0.303,0.88
2026-05-08 10:09:41,22.5,94.2,True,img_20260508_100941.jpg,dehazed_20260508_100941.jpg,106,6.918,7.221,0.303,0.88
2026-05-08 10:42:27,22.5,94.2,True,img_20260508_104227.jpg,dehazed_20260508_104227.jpg,113,6.918,7.221,0.303,0.88,0.0
2026-05-08 10:46:06,22.5,94.2,True,img_20260508_104606.jpg,dehazed_20260508_104606.jpg,1973,7.166,7.644,0.478,0.859,0.0
2026-05-08 11:12:44,22.5,94.2,True,img_20260508_111244.jpg,dehazed_20260508_111244.jpg,62,6.918,7.221,0.303,0.88,0.0
2026-05-08 11:15:16,22.5,94.2,True,img_20260508_111516.jpg,dehazed_20260508_111516.jpg,12,6.653,7.19,0.537,0.69,0.0
2026-05-08 11:15:59,22.5,94.2,True,img_20260508_111559.jpg,dehazed_20260508_111559.jpg,12,7.089,7.261,0.173,0.861,0.0
2026-05-08 11:16:26,22.5,94.2,True,img_20260508_111626.jpg,dehazed_20260508_111626.jpg,13,6.918,7.221,0.303,0.88,0.0
